Index,A,B
0,2.755391393464704,0.6681826495258208
1,0.46781777302830074,1.1559251062530416
2,-0.6705152461917147,-1.3886545281565699
3,-0.16973190551964462,-1.0858603790349983
4,-2.850036957594564,-0.21855066742626356
5,-4.566460458118181,-2.3785441102603255
6,-1.8660650032264459,-0.4864717902866255
7,0.6993401559658543,-1.9805243812564974
8,-2.0251999550285023,-1.865532184670262
9,0.022055360730046887,-0.37693325423136576
10,5.046663718960886,5.588021704494659
11,-3.678698971982063,1.42111399682043
12,2.5483974966184935,0.5669406972170979
13,-0.5003897707108773,-1.2533940822003131
14,3.06005029171543,3.301207132489699
15,5.605121355722055,4.6291363075286895
16,-0.9000487568715244,3.8923475250873936
17,4.207601052910654,2.3332752203337384
18,-1.653192164714958,-0.8410700656629758
19,-3.747728752277281,-6.570116274237762
20,-1.0215708939690513,-1.8766805223692122
21,2.454273441799784,-0.9292869597049145
22,-4.294413976833643,-2.174750672900677
23,-1.421042567512231,2.715191473189165
24,1.512329288841025,1.777871331854913
25,3.6829105433058156,-0.7693936550842582
26,0.13202454852087686,-1.0345862117708708
27,0.2673035913799944,-2.604201041685596
28,1.0734049937068422,0.4434530120996273
29,-1.6076123146663914,-0.42611290639933863
30,0.9286201868464963,0.03448557551407205
31,-3.560632573930793,-1.4873245226280651
32,3.325158366393185,-1.1335442278774672
33,0.5995385182967957,-2.19969696323675
34,-0.4922817896549798,0.2652117494017892
35,-5.982035688216291,-1.674951735070711
36,3.5910805172161333,3.110101209306299
37,1.7520978132160487,0.4942091132621711
38,-3.841165629275696,-0.9699453524449105
39,3.0004729552894656,0.6892901478794868
40,-2.3734761496474235,0.7757408253938136
41,0.41088876280541986,-2.461503379859278
42,1.7747113193850261,-1.961407687022874
43,-0.5084587852152513,-5.017404915698898
44,2.195337634531959,3.5789990602432113
45,-3.601179878020207,-0.8486227949359675
46,-5.325503154381555,-5.4934850223765554
47,-2.165992498663565,-1.8367484068060604
48,-0.06991428376830466,-0.4056848398196518
49,2.3828917599038717,-1.5653127121115549
50,2.1281078171310233,-0.4999099977765763
51,-1.7611079972095818,1.0184706249520459
52,-1.3994818236761346,0.12049277191813249
53,6.302484562628568,3.1641841339149126
54,-3.3732623103755426,0.0686105973180208
55,-1.4599618837526214,-0.7981667401303433
56,-3.344412435421949,-1.5056486574561345
57,4.581313283821359,0.5271402281061591
58,-0.4244485526014469,1.5456549665509804
59,5.674713090147694,2.381499041121293
60,-1.795632475003419,-4.184664669454869
61,-6.2576363346825525,-3.8173493767696858
62,-4.965098037261767,-4.143258209262292
63,-0.06704270177997941,0.5119639461771103
64,-0.39279132432594016,-1.1278572566499747
65,1.7833127870461656,5.9327374109920905
66,-0.8690965575364956,-1.6890092555942533
67,-1.824054047508198,-2.0925636927406805
68,2.3760845098426,0.8767441994400907
69,0.3052995619126982,1.2627097479554499
70,-4.259218030130781,-1.8909117373907651
71,2.3050789203905735,1.3979910886646987
72,1.1105729265183677,-0.803087146043721
73,0.435429518074784,-0.5673816769449483
74,6.740169995639087,-0.29971077611459573
75,-1.72317119659429,-2.6364999467375143
76,0.2220880329368235,1.540132612613929
77,-2.509397597803409,-1.2365756897437732
78,6.228812166125779,0.13514068192867174
79,-4.7203184891457814,-3.3516832424463407
80,1.004881476231568,0.4311664773637567
81,-2.636191055596759,-1.6607523528085948
82,3.070398353647182,2.7629462259320148
83,7.613546614189739,3.271873715800106
84,1.7897785002514675,0.7206194410271817
85,0.4463543571578243,0.04786262621894266
86,0.5914649148792035,1.5429643922180671
87,0.7161244407544071,3.8351059307740183
88,-4.877058560355132,-3.2718205372656897
89,-0.09127999320577963,0.6291317057139011
90,0.024661549956285285,-0.5895438036686159
91,2.76794468228677,-0.06611779966381827
92,-3.253129529142384,-1.7503859803578026
93,-2.799546214189085,-2.7888338027369812
94,-4.262587954317415,0.21546590829612314
95,0.5706893903087903,-0.07619220664774665
96,-4.659687806711001,-0.8731147257922126
97,7.979968510104093,4.6826076828149334
98,0.5991960582469165,-0.1620810618527781
99,-3.440891953301628,-0.5972947718161191
100,-3.24072236983154,-3.854950988995889
101,0.010634119071484554,-1.2504871308122678
102,-2.939391503101169,-1.5433659250786271
103,-0.35492027836421836,2.7053649170592293
104,-1.656621553410318,2.795125428854411
105,-2.3159170316937736,-0.5279235817350552
106,2.364872100372635,2.1056943617352064
107,-2.4655668271374354,-5.272416712144248
108,-1.530266083437521,0.6498959838872636
109,-2.3068289002273756,-1.562454941977421
110,-0.2735416014512076,-1.9837728729841313
111,-7.855013406836602,-1.587253307667954
112,3.238706209161812,1.0957020055919837
113,1.873774217631408,0.5010293043878719
114,-4.5584089989613625,-1.219924327120454
115,0.8449794695615405,0.6587166779142132
116,-0.8712388061584786,-1.5215293518868522
117,6.743435100939931,4.424005525304835
118,1.6806667816794911,1.5227793498848432
119,5.465078633040097,3.294929377704254
120,-0.4743316378605047,-1.3659585083925114
121,-2.0908182667602464,-1.5481189826030304
122,-0.9480736063223923,0.5637843025921232
123,-0.19333540887781872,-2.275824143666861
124,-0.19677705128864828,-2.0399120009207494
125,-0.0012359235549699308,2.467380465597866
126,-5.158086927868481,-2.8014495102679726
127,2.481743089159021,1.8373477781878678
128,0.02370374439427207,-0.6933911160197497
129,7.210562301518816,2.9893793010175953
130,5.545981962451826,2.536310816094557
131,-3.738708995377153,-1.3793433324925004
132,-2.367567569396336,-2.798332342633674
133,-0.3667040255346541,0.9747796974421103
134,-2.641493562238062,-2.5753452391471146
135,3.7222381138163034,2.0105833654645555
136,-1.7440387974072091,-2.96500563723834
137,-5.761446703198213,-3.2059692421929813
138,-2.344423946837412,1.0467792328923649
139,-0.6494289420301573,-1.0030019413553117
140,-3.749670716004414,-3.877714650702643
141,-4.839207859119369,-3.4814119497427733
142,-5.264383215952784,1.0714829813166131
143,-4.279138607031662,0.192114359621895
144,6.013087251677947,2.1764787479045866
145,-2.9530428635470405,-2.4738243192790197
146,2.654071285121348,1.9624576698194054
147,-2.606973122308055,-1.6261964475756983
148,-5.293704438002533,-1.020236415954057
149,1.8309957984739547,1.6447551696858844
150,-5.295994217473341,-1.6506246187255353
151,3.1693854840420173,0.014753288724494797
152,1.7729582600021712,-0.4830360910778102
153,-0.7982220277820206,-3.6190618860526556
154,3.070855360100958,2.0189268603974697
155,-4.79314289179759,-2.1846021546015546
156,-0.7840824938490358,-0.978394190245778
157,0.3561412018344144,1.4219147709570894
158,-8.005229365135367,-5.598531015650718
159,-3.9551378455585473,-2.251659754220083
160,-8.748727519895606,-5.066732876849939
161,-2.30286465973964,-1.4149992333089776
162,-0.2885606716172917,-0.9943547189172225
163,1.7817458033939144,2.0361264357337743
164,0.42482599478039024,0.13299778529996928
165,5.786643543124324,0.8779741968219376
166,-1.5222677763083254,-2.5733697104133046
167,7.35655986647963,3.4086094543457657
168,-3.4268010313273463,-1.2555453981875953
169,-1.5587540275892826,-3.1881287409363264
170,-1.6114566998257014,0.5480206623127527
171,2.5696791926073708,0.2814773828380195
172,0.2828188820679667,4.055810477964674
173,-0.3646318034727088,0.02962751456983272
174,2.810812075183653,-0.045980630263097164
175,1.3071909269987925,3.053614388916934
176,0.5551436051711742,0.058235867793370075
177,5.103018670801455,3.8365584726192754
178,-2.311685248693271,-2.795586783207449
179,-4.152489450936537,-3.6755547807916904
180,-1.639238710319828,-0.6695935861910091
181,1.2257375779247466,2.0108373005394413
182,1.7425818393344752,2.0088360597355983
183,2.6604584377873413,0.3061818705972247
184,1.76619689991407,0.9774387152662536
185,3.5826589916248626,2.4316420774683207
186,6.7284882493415346,1.984480387148853
187,-5.557164887367203,-0.6016696266636633
188,2.021168162090629,3.1013994972834222
189,-6.001454652941573,-0.9809323972458278
190,-2.091529102750051,1.0005315951977485
191,-2.679029668323599,-0.5466616659236697
192,0.3692048701245047,-0.06837229476431443
193,2.9821956099834925,-0.2882880529348887
194,-1.4686404358291676,1.7341822123780402
195,2.080224267926836,2.5883890265848004
196,0.10913042108413817,0.6050087349916013
197,-6.635786581993705,-4.421919185903841
198,4.2143094342280385,2.551027209629686
199,-0.37129467463255494,-2.174190251481081
200,3.1403860608217,2.9118191118470937
201,2.0682004154134845,3.030631772316549
202,3.347905615989371,-1.1361914904473354
203,-3.2756853842658833,-2.0253378079839695
204,2.7830498616101313,1.2480194421093105
205,-3.541416534128159,-0.6583690109660053
206,-1.2628809745232772,-0.8022259413143432
207,6.411513900858103,5.262132296885581
208,2.1055866926944398,0.4738507040914336
209,3.4862406280579727,1.1560511270416833
210,2.1677252103460978,3.800092238104391
211,2.132931494809228,2.1229465842996835
212,-6.044825164496548,-4.254728043773394
213,0.34211826159043474,1.5820305320090409
214,-4.36796251203462,0.8859902284463859
215,-3.136421890765151,-3.5173621952768315
216,5.596040554441708,2.055995578591822
217,0.8354689597298277,2.0970600468761833
218,0.8662752304355653,-0.7105203348673068
219,0.0012205621763571436,-0.7990260401693206
220,0.5507436587268025,-0.15044652247868387
221,0.6836628220669455,0.16226391385941316
222,1.6225742410291684,1.0413176627586964
223,-4.158940076907919,0.9462716231046079
224,-4.759188389866961,-2.2508283682629475
225,-2.3626617810606394,0.8844890578404444
226,-4.609433682933636,-1.6941237032158436
227,0.7424708272338454,0.001257949087716967
228,1.3350678756881675,1.151633793277061
229,0.8379202312387672,-0.25741538617175364
230,-0.3875385557078744,0.009188376655365201
231,-4.490116614479954,0.07881142500677532
232,0.44191865033645256,-0.4109348476171151
233,1.9106367157044526,1.4831363269623035
234,2.216178853212525,1.1833722486310578
235,-1.4592792258162914,-0.42659824099868243
236,-2.5373372291300544,-1.39683221037057
237,-0.613814990905527,-0.6465190918358383
238,4.752791906417745,1.2135750858067842
239,1.025256678741824,-0.20957096151713242
240,1.356458081992991,-0.048903269664262713
241,-2.814021532124152,-0.8580730737552251
242,1.6221275288842711,0.8435390204143177
243,-2.0415834335847913,-0.4107742969830036
244,-3.473804055336579,-2.962479016805889
245,-4.387973402507062,-2.413307433046673
246,-3.867386206969141,-4.012882052278248
247,5.222895672084543,4.117649833393436
248,0.8547659764708706,1.3239443905640773
249,4.44285878492715,3.418202034133412
250,-4.241407086788627,-2.956087894701392
251,4.392567395770109,-0.8344825394469199
252,1.0648782602291071,1.494208623507463
253,8.059010211132895,4.777965116155825
254,-4.006284844797273,-2.2716340031897437
255,-0.5985437208757988,1.9942011827581596
256,-1.6498680556400689,0.9937662363973717
257,7.067616754787482,2.798565231319765
258,-1.8928761310107751,-1.4275820354645208
259,-4.071391918728535,-3.1402424628947196
260,1.891038892446541,-1.7840685960603642
261,-5.145750042909,-2.045603571070042
262,-2.0690657861718096,-2.5936202169715887
263,-0.9532774116974708,-1.9486593404580312
264,2.501684287211577,-0.6217332467333633
265,1.7197513339007047,-2.509322728258555
266,5.999159933139303,2.3727945081903723
267,-1.9656183048728062,-1.0948005589773837
268,-7.222494364580954,-3.8519383977319825
269,4.4485586533825,0.7697770961608531
270,-1.0605730915812508,-0.07513664840678363
271,3.344558881440278,1.5133959234208008
272,0.6702079191989727,-1.3228616162261155
273,6.196246257369419,3.372813799349455
274,4.122083973226758,1.8528567884590494
275,1.491548036509422,-0.055025830437975654
276,-1.5372550452017364,-0.5299725318832598
277,-2.6758826761620345,-0.8320827736364633
278,3.772646790047448,4.707388086723428
279,-3.361453170664268,-2.098327587083229
280,-3.527246554443654,-1.1023296105992215
281,0.16371843687684903,0.4823683400588579
282,3.3281670053039734,5.0517706776792775
283,-1.0149142163332145,2.330570622534343
284,2.2098666518689134,-1.19043147933894
285,-1.0199331210991112,-0.5864859957054812
286,0.6519865793083885,1.3562515752546416
287,-0.10498979504059047,0.3794999655138374
288,-2.2335843509263875,-1.7936987960894362
289,-3.0467201998349296,0.03775481641884263
290,1.688566552456902,-0.8952747994040693
291,0.11797227828629442,-0.5029745811556745
292,0.9247557277877758,-0.1444744185167087
293,5.392815926831645,1.5369755507501546
294,0.644930239544741,-2.7696610982809404
295,7.545401288332992,2.3820384692143888
296,0.3896351218509067,-1.6323778596515832
297,0.3920309705951424,0.3750452558708229
298,1.0786610983905842,-2.573458643612588
299,1.3018665846997617,-0.36070737624605564
300,-2.0408933703005308,-0.3686421690989744
301,0.7486111408423278,2.6250759941586024
302,0.8497165117056146,-1.1467765553225764
303,-0.24035883261480379,-0.9102741083195254
304,-2.6382338078053444,0.8654516656856195
305,-3.5819245834290876,-3.0535642327645034
306,3.028541173325283,-0.8999766146230872
307,-6.022393748824702,-1.6816636081610847
308,6.267181958565337,2.6448955381619
309,-3.9286195267276653,-4.771284689179945
310,4.6762304257857235,3.1517372718812235
311,-0.35642063057076107,-0.7837412154849059
312,-4.566786789754803,-4.222917440996052
313,-0.2676259159662794,-0.11342936212288446
314,3.2059190230373775,1.2198933470328133
315,0.09068933794895448,-1.529296051656897
316,2.9580154652889914,1.1097321441460033
317,-0.44412029079084175,-0.1363762156472875
318,3.426279991610733,1.8033952956130725
319,-3.4669167154716303,0.5240363114288166
320,2.392109799051481,-0.4295400944254732
321,-1.2004661029009869,-0.775336059234161
322,-1.251280159766559,-1.9165834124865622
323,2.9213112138477393,1.416768520731425
324,-0.9160642411965562,0.6919366730380475
325,-1.0181103846105939,0.5331128388900488
326,2.0244008622436174,1.0507276271145178
327,-1.6555549453216774,-4.270921591132019
328,-1.8035582018262233,0.6873373905132015
329,-0.9758400495959073,1.6387133028551366
330,2.5669410941390582,1.1368034553477933
331,4.642372392694131,-1.7818875191118895
332,2.064143529417889,1.6873562006126086
333,-0.6225138280503068,0.08330505927836795
334,3.0096644045030323,0.9092561298591118
335,3.055361072203049,5.154273740655826
336,-2.8453112675916348,-3.687203345670373
337,-0.16636179472674464,0.6282485017170285
338,1.7884602257375384,-0.41286612881650736
339,-1.3674757335679026,0.40845482228456864
340,0.04756384402458673,-0.10224763819054386
341,1.3822142869587122,-1.6703850350269371
342,0.8171494138509293,-0.1569818370676336
343,-3.4680347668608693,-1.9316818325286083
344,2.037287473029455,0.029985623585272635
345,-1.9180193590495973,-0.010303362521622152
346,6.417597475811804,2.8590589308665746
347,1.327360835326507,-1.6076746367405648
348,-2.910721593588052,-1.564489544320403
349,-3.425021982016122,-0.11850287399050378
350,0.7193344853334187,0.6637193739201238
351,-4.034044453155975,-2.954779820911174
352,0.4893252030114399,1.3567742405927465
353,-2.1089932073376247,-0.12400259470717265
354,0.7705728999795415,0.8758152457420806
355,-2.2100385415749146,-0.6128485169350512
356,4.797668022465813,3.7919424344232144
357,-1.361312672286973,0.1467806627933922
358,-1.3281734594901997,-0.4979980837717064
359,-0.7299049325156338,-1.4500930522929405
360,-1.7494804809635414,-1.1171633483622068
361,-0.3797647130177351,-0.8962446945467845
362,3.172148038701113,0.0005042753669852253
363,0.1969921253997888,-1.4058561490277457
364,0.385271160123241,0.01727036551894219
365,3.477238649983945,-1.45040749542545
366,-2.844285603135793,-1.8421966773574474
367,-0.8173720678553769,0.570555736056096
368,5.7781878792712495,1.031948621729629
369,-0.6500941108053828,0.6663129774512693
370,-4.169045719365512,-2.1595430081160893
371,-3.236990334814429,-1.8063093157240215
372,0.9519779715778619,-1.425297320094328
373,2.7639156044128583,1.9729121197624706
374,3.6268745347604177,4.846201398399366
375,-0.7917811623557737,1.5815397518797505
376,-0.3131503935269469,-0.451627104540278
377,2.771085657079654,1.2598042864739567
378,-0.4939897429276928,-1.4197515101812657
379,6.66642711563253,2.2481418469071883
380,-1.2775440601796937,-1.8649630664032701
381,2.8265223986259476,1.848287115741025
382,-1.7905040682321292,0.019670099528211936
383,-0.6422517838911714,1.462903271165892
384,-0.7296450771260498,-2.042053966865273
385,-0.11479677196869965,-1.3989739697491483
386,0.3298495017841942,-0.8252504162651455
387,0.3062244209924631,2.8016417255426163
388,0.08152758713783413,1.4043947605840823
389,-1.994302196029887,-0.12667330345427488
390,3.499649003792537,1.597624699499326
391,-2.1950580744123247,-1.4167097075504023
392,-2.2288508186679015,-2.7552080018535627
393,-3.3399487766000506,-3.4009682133672783
394,0.44984350725734945,-0.6545095212730143
395,-1.9618170090222469,0.5890213513102984
396,-0.3042562242691109,-1.6909688984185502
397,3.389094710578329,3.7341251862029234
398,-1.5001693703984205,-1.7128772827971912
399,5.831692912630507,2.576052383431165
400,0.5692459430778516,0.022779778613615173
401,2.7264064704854367,2.396837750985316
402,-0.20229229652635639,0.3283332775292944
403,-1.8423225284711224,-1.8740542443977388
404,-1.704353304838265,1.273788259600466
405,4.840815159883785,2.8334399282638274
406,-2.2089863813612434,-0.8615274116767453
407,-0.28034743833851,0.2557041517011157
408,0.024308264443192694,0.44013388642545626
409,2.3062124823767336,2.038507817804971
410,4.853063029358386,-0.8282200486345277
411,3.520221234615789,-0.9648229536065541
412,-5.910655622679169,-1.7939848916850556
413,5.60874321967889,5.1122403753968975
414,1.1711185927768109,1.4576753476225497
415,-0.9876756605489675,-0.3950115053051188
416,-1.7582424238179735,-3.462161942772875
417,-0.4799018422186944,2.353587208519643
418,3.0683677018715065,1.4113621592047334
419,2.829757719004132,2.531480363114379
420,1.0141951003191145,2.6940341421671365
421,0.23501330554576794,0.7615772026998006
422,0.9915553712224673,1.5334341392092277
423,3.8348835075992875,2.6732837641347316
424,-2.69401253361679,-3.5664749537521696
425,3.127201417550502,1.4370422331465595
426,-0.49611671657973494,-0.27677165180200697
427,3.392401549887023,2.6776926373983354
428,1.4122700755705553,0.7864280835393318
429,-3.348468093811302,-3.7603774442448383
430,-4.016765605204127,-0.3332752873444012
431,-1.3752138616827572,-0.23735091224703594
432,-1.084012485783785,2.1246614989270585
433,-4.75497105658825,-0.7610563222179849
434,2.8435859248438446,2.8452565823369222
435,4.062362264353338,3.2445800107015907
436,-2.0045908800517283,-2.6847922490938165
437,1.5139562738122447,2.095762255436371
438,-2.7552212692820417,-1.0853215974911201
439,-0.9479067125084923,0.13168639655840247
440,2.172253357660239,0.8221283187520195
441,4.16427707812327,0.9386570439539246
442,-1.8360625006824733,1.1779033196758137
443,5.706868842183531,5.707718925132591
444,1.8076656653657133,-1.4819556454059293
445,-2.8220320527386855,-3.714812999014668
446,-1.0697446947477036,-2.775433098878474
447,-1.8318526409041127,-3.57534685473668
448,2.085833912315478,0.9262927281333245
449,-0.8503560826191594,1.825953129534411
450,-2.31194624149597,-3.9589077352701825
451,-0.6580852264279969,-2.55953209825459
452,0.03762439607265654,1.406907923510371
453,0.4431406352434185,-1.9083943801656529
454,-1.2880467558897393,-0.11206280628212291
455,-3.705856119788805,-3.635148268014085
456,-1.1963857735897385,-0.955043962703448
457,-4.426434523640067,-5.324433837104961
458,-1.944960512344518,0.4251784588388002
459,-3.6074200693310634,-5.121157524251127
460,-2.2434893402580447,-1.327463044727386
461,1.692757944926996,0.9957533280323875
462,0.7894534167630538,-2.16649178760845
463,0.8560754431458143,-0.19471084383650197
464,-1.2480906395424505,-1.4407665392691587
465,-1.9017977666401882,-1.1898657862770607
466,-3.5342331888105245,-0.1353575091751316
467,5.216293127847264,-0.32613993130618785
468,-3.4063883637978405,-1.6594384079999411
469,4.853864775150744,2.38559868672886
470,7.09037148306296,2.5009066797263317
471,0.585428528137413,3.575920125881392
472,-0.39034972425607367,0.4523142464408401
473,-1.9857372384123617,-1.7154823482593695
474,-0.9373514413339908,0.7783085039249646
475,-4.3415287239954194,-2.566682409097141
476,-2.8548596641234103,-1.4290945471488263
477,-1.1331939235631001,-2.5393801221883074
478,0.5032686850104419,-0.15420437312199917
479,1.4800175104106064,0.44826123087431263
480,-0.4385544113652601,0.3731032672117238
481,-0.12528619869285346,-2.283392466411611
482,3.655558907656584,2.947862059856792
483,-0.9001867695738268,-1.6052861467788488
484,1.726570547501694,-0.4143314606046725
485,-2.2273619120107546,-1.7117200086257267
486,-4.559519712657393,-1.6665613853632528
487,2.1202128992460683,0.36521015913706634
488,-2.507469552749214,-1.7005170477344926
489,-0.7873482202072609,-1.4238577603817393
490,1.3660058236434505,0.39484132300264513
491,-1.9101655864753697,-1.405886533666856
492,-1.8461347695964323,-1.8789745758040886
493,-0.856043486497006,1.0581822764048316
494,-1.4091759424072947,-0.5971770263702023
495,-0.175667126663293,0.10479353717154419
496,1.6230533766286566,0.04104564250862511
497,2.7313819931607077,2.4096390868253263
498,3.354931086091446,2.616433554158186
499,-2.3903984397513667,-1.5533860470495382
500,-3.025149492785436,-1.6916850680495992
501,0.2187904415728055,-1.0843503748046455
502,-3.615999249891489,-1.5588787626152685
503,-2.0654691276051866,-1.4805641304091057
504,-4.414248770090218,-1.2861002233928793
505,-0.7378039389853221,0.006176898056380832
506,-0.0841315099627683,1.7426806641804211
507,0.1756363110786905,-0.13054761139634397
508,2.6224899938578567,2.3713703801362023
509,-2.871834460420587,-2.121355346522773
510,1.1890031521975153,3.8442300763309927
511,-5.821788043164197,-2.938768375849325
512,-0.2507477906599037,1.8730427459030063
513,-2.3086004589521503,0.6510402191298466
514,2.7671712333552447,4.78302200809108
515,-2.6088966478834807,-0.02504448727313147
516,-0.6634805040323155,-0.8379613595835596
517,-7.2875461208905294,-2.2503189741856686
518,-0.24808072546753493,0.23244962757356807
519,-3.2463468891916754,-3.5438171506676572
520,1.8223546528948193,-0.371081808026563
521,-2.7434913489402106,0.15613634484576655
522,1.1965665939583063,0.48390294461512257
523,-1.9459253419587872,-4.630235906589914
524,4.4285109357895225,4.020131977310402
525,0.05797690266216362,-0.9591843860965078
526,-0.1836942002197491,-1.593437949339417
527,-3.889867488554471,-4.890108552248285
528,-0.5976485900663994,-0.2325477978854301
529,3.7009347804174446,2.181052938956792
530,2.7282712479238302,-1.2136147455081245
531,-1.2811160188135362,3.003057597968301
532,-4.449449788309268,-0.3568278195665435
533,0.30938184906252447,-0.4642485521380884
534,1.8304057254350656,2.0533066686792436
535,2.241451181861174,1.1384508085280205
536,1.1333061782587617,-0.8218550240142513
537,3.162001623826294,1.4470208657442896
538,0.6700441335640616,0.6853523965441889
539,-1.5306171483730848,-2.561944411464796
540,0.3351224997540345,0.9659430813418481
541,1.9689629303953167,1.0893195802104902
542,-4.015714604833199,-2.824426389114953
543,2.8757550954177113,-0.7555905785290882
544,-3.0038671619903785,-2.771398094505286
545,4.2875642155115745,3.1777103254243193
546,0.3409415715022043,2.5459936790926996
547,5.302971329188282,2.6252563020826867
548,0.19267178837944776,-1.7697588148373364
549,-2.014916697782655,-0.4790014741631275
550,2.764030064736224,2.0981239083565835
551,-4.571051298562807,-2.554279970536469
552,0.3473870286050428,0.6998498887703112
553,-0.2753462538512663,-2.4548333121519508
554,0.8136330544574668,-2.2613207896551057
555,1.2721001805572982,0.652503373502674
556,1.8723803054174688,-0.7286054146959065
557,-3.037115733919151,-3.2215403591185754
558,-1.1984783037201685,3.0397135876050116
559,-2.57674268802411,0.7253045783845147
560,-1.7009897701405492,-0.49934964045776303
561,-3.6354630626052113,0.5659586278247345
562,-2.987824655060477,-2.444085647503921
563,-0.3876113551283952,1.0743868166806296
564,2.0580029602224053,0.2548752875331778
565,-0.29302507036526926,0.18821976224104006
566,5.140966077480705,4.478165417748846
567,-1.7371316525411038,-3.076189924451572
568,5.28472608090368,2.564090616252066
569,-1.0503112850332765,-1.846658549742747
570,5.143120743609923,2.4703765968684768
571,1.1364013302052884,2.922404407925406
572,-0.275628739227739,1.288470862261502
573,-0.7357796544644336,0.8715953115304123
574,-0.9385314280038022,-0.33302173979627886
575,2.050371583033419,2.198668766514614
576,-5.020672846904565,-3.7037222042674336
577,1.8553915103300953,2.4756378236439587
578,5.037351317219217,3.320727560599199
579,-3.3120952141684317,-0.8659425353440886
580,4.352050926885973,-0.5156535334391102
581,1.897752518573108,-3.072889602167234
582,-3.3361478229356485,-1.1278625236631663
583,2.0893014317222818,2.902811338275511
584,-5.090778395555,0.9649236223433842
585,-1.8743289226502042,0.9816320188192275
586,-1.6658470314070684,2.9291372025900815
587,-0.039903259245198136,-1.055337760488446
588,0.14174963114457795,0.06837404931870941
589,-0.46790229916931214,-0.7342171794364052
590,1.546739868728381,-0.9240075501996352
591,-1.9381782164731072,-0.15953903258013463
592,3.935418844561307,2.469730945387698
593,3.3916156878402237,1.7985536478512187
594,5.017047128162495,1.3556038357115683
595,0.18873655405636278,0.9079057755945247
596,7.062932418856605,5.146558118452366
597,2.135956946146595,0.9238672483553423
598,0.9742861840266019,0.7116076622662565
599,4.455266428147535,0.8131824216564018
600,-0.2413046086914711,0.014394178683787848
601,-0.2982675959956367,-2.087837639168725
602,-3.5840902391090013,-1.672414304802979
603,-0.9633677184297891,-1.9082175904193275
604,0.3331124306311886,-0.0196952942188383
605,0.46737944854890684,4.511177375433442
606,-3.3546760160303375,0.01800054416192232
607,2.6760409565804197,2.2600636052118808
608,2.4864586085124194,0.9101798459650193
609,0.9444857889010878,1.9043907426149598
610,2.06491658577413,1.1228770330634135
611,4.562962089996944,1.876608343570589
612,5.310251888895173,1.6565558587708895
613,-0.18015802693404162,2.6084366899769185
614,-2.342368230635376,0.7973405553847253
615,4.674014100999202,2.055133961242785
616,0.6081554519746928,-0.5954750249098446
617,-4.896136706006284,-3.641764523001216
618,-0.6947736457274921,-0.28287664358122555
619,-0.5512969946158397,-1.3330592239190118
620,3.513823024882733,0.7884022277056992
621,-1.5949458233269593,-0.046026672976316685
622,0.9251785386434632,1.870212462694883
623,-5.63893388678142,-1.4399079540586712
624,2.146827028141074,3.110599128308801
625,2.140119452743105,1.995571032104587
626,-5.157731812273593,-2.6411462478358314
627,-7.989054740196231,-2.456578062519449
628,3.0214404860257846,2.7684976572492155
629,-4.192073743969116,-2.5311651006977876
630,-3.075738701512187,-1.8323797169091083
631,1.0145435344045912,0.6554558247402767
632,-0.913004176918784,-1.3028128712356228
633,-0.7477416986244257,0.35721507265232
634,3.317936549427962,2.7599230972680586
635,1.8436726621061799,2.9341852928985332
636,2.8912455111143807,0.959343737888023
637,-1.614311814373073,-3.28305030846605
638,0.6966788821104226,1.1322695290586617
639,0.7093588777353566,-1.685656899251391
640,0.21419009310016585,0.7036502346969017
641,4.336521219157354,0.6533823281802627
642,5.078595218872364,2.9276779274605604
643,-4.987745339315284,-3.522129439313225
644,0.05479260210895669,1.0024649851674037
645,-1.3167348930742466,0.634097000719699
646,-0.876115881534233,-3.567922008682653
647,-0.9744231388296031,-4.059214738449861
648,-0.23871955271332304,1.6673845686629662
649,1.1933032082035062,1.9638927115792408
650,-1.655574169341188,-3.7703779375084365
651,-4.791806061060924,-1.2695094747870876
652,1.8270108037131514,2.5779928925466145
653,3.688152966356101,0.9900011093215314
654,-3.7910970885116755,-2.022773000821387
655,-4.266485649075458,-1.1218289381055013
656,5.903227769460743,1.9378960038731374
657,1.307166065959871,-0.5254856844967853
658,-4.273645914340041,-2.950626422749677
659,-2.1907220057684014,-1.1540769932315411
660,-0.8809731778341451,-3.174692442290329
661,1.9885335629369045,-0.8141993679221924
662,-2.4417546682570674,-3.906367125471249
663,-0.27400052444048495,-1.8031700593107451
664,-4.225584699709506,-0.6171526066935902
665,-4.552476040077788,-2.5957418583554617
666,-0.4576122747395616,1.3365994206641714
667,-1.39699714995139,0.10559622179932363
668,-0.6867728144481645,0.6939364266153726
669,4.752924646551654,2.027096878256298
670,1.0856153309023782,0.3166831504199146
671,1.3545522599098065,2.270030054450697
672,-2.426438162754854,-1.15331879938189
673,-0.6180194331493312,-0.19019915123132164
674,-0.24322450596094353,0.03813013272749784
675,2.1110936337951993,1.3661124121015837
676,-0.21806097495817203,0.3129831102716192
677,1.828454433142922,3.4225539087239394
678,-8.805342838105119,-7.231165368777257
679,-1.4764147294588597,-2.292153956289749
680,5.824027527777904,2.5928428603124747
681,-0.49131206518043025,-3.5816803450784493
682,-2.484514250085897,-3.763168520427535
683,1.4314484570798447,-0.4816321848629622
684,3.1464953010158823,1.3644531813915133
685,5.345854490723994,0.9766335484180135
686,-9.326639763132894,-3.304374080690441
687,-0.9243537906249263,-4.0166992311322245
688,-1.4115115685039736,-2.7107760541268715
689,2.460939943666202,1.4128751289387347
690,6.6553223768305045,3.072380965750974
691,-2.7689238318058718,-3.674005673011363
692,0.6124760997494086,2.9473966176894724
693,-2.7413160157933474,-3.239834048821897
694,4.247015575751159,2.7638205193007686
695,1.797174451635818,0.2958352233861096
696,-2.3502739062028337,-1.280477064682722
697,0.9870438923462614,3.418547023627478
698,0.4321633856247719,2.075976257607424
699,-7.246430183079539,-3.0026051612411604
